id,name,price,address,image_url,product_url
2,Taureau,2500000.0,"Fatick, Sénégal",https://images.coinafrique.com/thumb_5634272_uploaded_image1_1763756384.jpg,https://sn.coinafrique.com/annonce/autres-animaux/taureau-5634272
3,Bœuf,650.0,"Bambey, Sénégal",https://images.coinafrique.com/thumb_5632019_uploaded_image1_1763646437.jpg,https://sn.coinafrique.com/annonce/autres-animaux/buf-5632019
4,Bœuf,725.0,"Bambey, Sénégal",https://images.coinafrique.com/thumb_5632012_uploaded_image1_1763646301.jpg,https://sn.coinafrique.com/annonce/autres-animaux/buf-5632012
5,Vache,350000.0,"Patte d'oie, Dakar, Sénégal",https://images.coinafrique.com/thumb_5587581_uploaded_image1_1761220550.jpg,https://sn.coinafrique.com/annonce/autres-animaux/vache-5587581
8,Perroquets perruches ondulées,25000.0,"Point E, Dakar, Sénégal",https://images.coinafrique.com/thumb_5560070_uploaded_image1_1759698099.jpg,https://sn.coinafrique.com/annonce/autres-animaux/perroquets-perruches-ondulees-5560070
10,Grand Bouc Hijazi,1200.0,"Saint Louis, Sénégal",https://images.coinafrique.com/thumb_5547149_uploaded_image1_1759064910.jpg,https://sn.coinafrique.com/annonce/autres-animaux/grand-bouc-hijazi-5547149
11,Chat Persan chinchilla,170000.0,"Sicap Liberté, Dakar, Sénégal",https://images.coinafrique.com/thumb_5543922_uploaded_image1_1758835732.jpg,https://sn.coinafrique.com/annonce/autres-animaux/chat-persan-chinchilla-5543922
12,Taureau métis d'insémination,2500000.0,"Fatick, Sénégal",https://images.coinafrique.com/thumb_5543760_uploaded_image1_1758829182.jpg,https://sn.coinafrique.com/annonce/autres-animaux/taureau-metis-dinsemination-5543760
13,Taureau métis,2500000.0,"Fatick, Sénégal",https://images.coinafrique.com/thumb_5538746_uploaded_image1_1758579115.jpg,https://sn.coinafrique.com/annonce/autres-animaux/taureau-metis-5538746
15,Calopsite élégante,75000.0,"Point E, Dakar, Sénégal",https://images.coinafrique.com/thumb_5530646_uploaded_image1_1758128661.jpg,https://sn.coinafrique.com/annonce/autres-animaux/calopsite-elegante-5530646
16,Chaton Chartreux,100000.0,"Ouest Foire, Dakar, Sénégal",https://images.coinafrique.com/thumb_5523792_uploaded_image1_1757773181.jpg,https://sn.coinafrique.com/annonce/autres-animaux/chaton-chartreux-5523792
18,Cailles et œufs de caille,3000.0,"Guediawaye, Dakar, Sénégal",https://images.coinafrique.com/thumb_5514762_uploaded_image2_1757337112.jpeg,https://sn.coinafrique.com/annonce/autres-animaux/cailles-et-ufs-de-caille-5514762
22,Chaton,35000.0,"Mariste, Dakar, Sénégal",https://images.coinafrique.com/thumb_5504764_uploaded_image1_1756819478.jpg,https://sn.coinafrique.com/annonce/autres-animaux/chaton-5504764
23,Oie,40000.0,"Dakar, Sénégal",https://images.coinafrique.com/thumb_5499869_uploaded_image1_1756556464.jpg,https://sn.coinafrique.com/annonce/autres-animaux/oie-5499869
26,Chaton Ragdoll,950000.0,"Dakar Plateau, Dakar, Sénégal",https://images.coinafrique.com/thumb_5482181_uploaded_image1_1755602298.jpg,https://sn.coinafrique.com/annonce/autres-animaux/chaton-ragdoll-5482181
29,Vache,850000.0,"Rufisque, Sénégal",https://images.coinafrique.com/thumb_5479568_uploaded_image1_1755445038.jpg,https://sn.coinafrique.com/annonce/autres-animaux/vache-5479568
30,Chaton Scottish,750000.0,"Dakar Plateau, Dakar, Sénégal",https://images.coinafrique.com/thumb_5473342_uploaded_image1_1755076567.jpg,https://sn.coinafrique.com/annonce/autres-animaux/chaton-scottish-5473342
31,Chaton persan,400000.0,"Dakar Plateau, Dakar, Sénégal",https://images.coinafrique.com/thumb_5473339_uploaded_image1_1755076399.jpg,https://sn.coinafrique.com/annonce/autres-animaux/chaton-persan-5473339
32,Perroquets,60000.0,"Point E, Dakar, Sénégal",https://images.coinafrique.com/thumb_5462432_uploaded_image1_1754495711.jpg,https://sn.coinafrique.com/annonce/autres-animaux/perroquets-5462432
34,Bœufs,550.0,"Bambey, Sénégal",https://images.coinafrique.com/thumb_5452011_uploaded_image1_1753984227.jpg,https://sn.coinafrique.com/annonce/autres-animaux/bufs-5452011
35,Bœufs,650.0,"Bambey, Sénégal",https://images.coinafrique.com/thumb_5452005_uploaded_image1_1753984088.jpg,https://sn.coinafrique.com/annonce/autres-animaux/bufs-5452005
37,Bœuf,650.0,"Bambey, Sénégal",https://images.coinafrique.com/thumb_5437295_uploaded_image1_1753284704.jpg,https://sn.coinafrique.com/annonce/autres-animaux/buf-5437295
38,Chat Siamois,250000.0,"HLM, Dakar, Sénégal",https://images.coinafrique.com/thumb_5435961_uploaded_image1_1753216346.jpg,https://sn.coinafrique.com/annonce/autres-animaux/chat-siamois-5435961
40,Chatons,200000.0,"Dakar Plateau, Dakar, Sénégal",https://images.coinafrique.com/thumb_5426216_uploaded_image1_1752670435.jpg,https://sn.coinafrique.com/annonce/autres-animaux/chatons-5426216
42,Hamster,15000.0,"Dakar, Sénégal",https://images.coinafrique.com/thumb_5422322_uploaded_image1_1752487140.jpg,https://sn.coinafrique.com/annonce/autres-animaux/hamster-5422322
43,Taureaux,950000.0,"Bambey, Sénégal",https://images.coinafrique.com/thumb_5419672_uploaded_image1_1752312673.jpg,https://sn.coinafrique.com/annonce/autres-animaux/taureaux-5419672
44,Bœuf,625.0,"Dakar, Sénégal",https://images.coinafrique.com/thumb_5401469_uploaded_image1_1751406897.jpg,https://sn.coinafrique.com/annonce/autres-animaux/buf-5401469
46,Poisson Aquarium,7500.0,"Dakar, Sénégal",https://images.coinafrique.com/thumb_5370855_uploaded_image1_1749722665.jpg,https://sn.coinafrique.com/annonce/autres-animaux/poisson-aquarium-5370855
47,Veau,6500000.0,"Sicap Liberté, Dakar, Sénégal",https://images.coinafrique.com/thumb_5363603_uploaded_image1_1749256640.jpg,https://sn.coinafrique.com/annonce/autres-animaux/veau-5363603
48,Dinde,30000.0,"Thies, Sénégal",https://images.coinafrique.com/thumb_5350940_uploaded_image1_1748524952.jpg,https://sn.coinafrique.com/annonce/autres-animaux/dinde-5350940
49,Bouc,80000.0,"Keur Massar, Sénégal",https://images.coinafrique.com/thumb_5350345_uploaded_image1_1748476176.jpg,https://sn.coinafrique.com/annonce/autres-animaux/bouc-5350345
50,Chaton,350000.0,"Dakar Plateau, Dakar, Sénégal",https://images.coinafrique.com/thumb_5344588_uploaded_image1_1748177635.jpg,https://sn.coinafrique.com/annonce/autres-animaux/chaton-5344588
52,Chatons,200000.0,"Dakar Plateau, Dakar, Sénégal",https://images.coinafrique.com/thumb_5330509_uploaded_image1_1747360436.jpg,https://sn.coinafrique.com/annonce/autres-animaux/chatons-5330509
53,Perroquet Rose Gorge,50000.0,"Point E, Dakar, Sénégal",https://images.coinafrique.com/thumb_5329928_uploaded_image1_1747330648.jpg,https://sn.coinafrique.com/annonce/autres-animaux/perroquet-rose-gorge-5329928
55,Boeuf,350000.0,"Bambey, Sénégal",https://images.coinafrique.com/thumb_5317378_uploaded_image1_1746698849.jpg,https://sn.coinafrique.com/annonce/autres-animaux/boeuf-5317378
56,Chèvre race ndama,350000.0,"Rufisque, Sénégal",https://images.coinafrique.com/thumb_5315130_uploaded_image1_1746566615.jpg,https://sn.coinafrique.com/annonce/autres-animaux/chevre-race-ndama-5315130
57,Vaches,325.0,"Bambey, Sénégal",https://images.coinafrique.com/thumb_5308237_uploaded_image1_1746189283.jpg,https://sn.coinafrique.com/annonce/autres-animaux/vaches-5308237
58,Canards,7000.0,"Hann Bel-Air, Dakar, Sénégal",https://images.coinafrique.com/thumb_5300877_uploaded_image1_1745779858.jpg,https://sn.coinafrique.com/annonce/autres-animaux/canards-5300877
60,Chat Persan,450000.0,"Point E, Dakar, Sénégal",https://images.coinafrique.com/thumb_5297087_uploaded_image1_1745527617.jpg,https://sn.coinafrique.com/annonce/autres-animaux/chat-persan-5297087
61,Couple pintades adultes,35000.0,"Sicap foire, Dakar, Sénégal",https://images.coinafrique.com/thumb_5295025_uploaded_image1_1745431940.jpg,https://sn.coinafrique.com/annonce/autres-animaux/couple-pintades-adultes-5295025
62,Chaton,375000.0,"Fann, Dakar, Sénégal",https://images.coinafrique.com/thumb_5278827_uploaded_image1_1744477884.jpg,https://sn.coinafrique.com/annonce/autres-animaux/chaton-5278827
63,Chatons Siamois,150000.0,"Ngor, Dakar, Sénégal",https://images.coinafrique.com/thumb_5275205_uploaded_image1_1744282516.jpg,https://sn.coinafrique.com/annonce/autres-animaux/chatons-siamois-5275205
64,Vaches Montbéliarde,900.0,"Bambey, Sénégal",https://images.coinafrique.com/thumb_5262041_uploaded_image1_1743610261.jpg,https://sn.coinafrique.com/annonce/autres-animaux/vaches-montbeliarde-5262041
65,Perroquets,60000.0,"Point E, Dakar, Sénégal",https://images.coinafrique.com/thumb_5237101_uploaded_image1_1742244549.jpg,https://sn.coinafrique.com/annonce/autres-animaux/perroquets-5237101
66,Chaton Scottish,500000.0,"Fann, Dakar, Sénégal",https://images.coinafrique.com/thumb_5234859_uploaded_image1_1742137563.jpg,https://sn.coinafrique.com/annonce/autres-animaux/chaton-scottish-5234859
68,Perroquet,60000.0,"Point E, Dakar, Sénégal",https://images.coinafrique.com/thumb_5214349_uploaded_image1_1741104524.jpg,https://sn.coinafrique.com/annonce/autres-animaux/perroquet-5214349
69,Chaton Angora,210000.0,"Sacré-Coeur, Dakar, Sénégal",https://images.coinafrique.com/thumb_5213818_uploaded_image1_1741086286.jpg,https://sn.coinafrique.com/annonce/autres-animaux/chaton-angora-5213818
70,Boeuf,550.0,"Niaga, Sénégal",https://images.coinafrique.com/thumb_5205943_uploaded_image1_1740671058.jpg,https://sn.coinafrique.com/annonce/autres-animaux/boeuf-5205943
71,Hamster,15000.0,"Almadies 2, Dakar, Sénégal",https://images.coinafrique.com/thumb_5189132_uploaded_image1_1739782582.jpg,https://sn.coinafrique.com/annonce/autres-animaux/hamster-5189132
73,Caille,15000.0,"Keur Massar, Sénégal",https://images.coinafrique.com/thumb_5182728_uploaded_image1_1739380241.jpg,https://sn.coinafrique.com/annonce/autres-animaux/caille-5182728
75,Perroquet perruches ondulées,20000.0,"Point E, Dakar, Sénégal",https://images.coinafrique.com/thumb_5138284_uploaded_image1_1737038687.jpg,https://sn.coinafrique.com/annonce/autres-animaux/perroquet-perruches-ondulees-5138284
76,Perroquets,15000.0,"Thies, Sénégal",https://images.coinafrique.com/thumb_5125396_uploaded_image1_1736351628.jpg,https://sn.coinafrique.com/annonce/autres-animaux/perroquets-5125396
77,Perruches ondulées,20000.0,"Point E, Dakar, Sénégal",https://images.coinafrique.com/thumb_5103176_uploaded_image1_1734884464.jpg,https://sn.coinafrique.com/annonce/autres-animaux/perruches-ondulees-5103176
79,Chaton Siamois,235000.0,"Dakar Plateau, Dakar, Sénégal",https://images.coinafrique.com/thumb_5092278_uploaded_image1_1734215302.jpg,https://sn.coinafrique.com/annonce/autres-animaux/chaton-siamois-5092278
80,Poissons Aquarium,8500.0,"Dakar, Sénégal",https://images.coinafrique.com/thumb_5068623_uploaded_image1_1732965550.jpg,https://sn.coinafrique.com/annonce/autres-animaux/poissons-aquarium-5068623
81,Tortues terrestres,35000.0,"Ouest Foire, Dakar, Sénégal",https://images.coinafrique.com/thumb_5066823_uploaded_image1_1732865161.jpg,https://sn.coinafrique.com/annonce/autres-animaux/tortues-terrestres-5066823
82,Bœuf,800000.0,"Mbao, Dakar, Sénégal",https://images.coinafrique.com/thumb_5054269_uploaded_image1_1732160455.jpg,https://sn.coinafrique.com/annonce/autres-animaux/buf-5054269
83,Bœuf,800000.0,"Mbao, Dakar, Sénégal",https://images.coinafrique.com/thumb_5054268_uploaded_image1_1732160128.jpg,https://sn.coinafrique.com/annonce/autres-animaux/buf-5054268
84,Chat Persan,400000.0,"Dakar Plateau, Dakar, Sénégal",https://images.coinafrique.com/thumb_5050095_uploaded_image1_1731948012.jpg,https://sn.coinafrique.com/annonce/autres-animaux/chat-persan-5050095
85,Bœufs,800000.0,"Keur Massar, Sénégal",https://images.coinafrique.com/thumb_5042261_uploaded_image1_1731516188.jpg,https://sn.coinafrique.com/annonce/autres-animaux/bufs-5042261
86,Mondain,140000.0,"Guediawaye, Dakar, Sénégal",https://images.coinafrique.com/thumb_5041931_uploaded_image1_1731508632.jpg,https://sn.coinafrique.com/annonce/autres-animaux/mondain-5041931
87,Himalayen,265000.0,"Dakar Plateau, Dakar, Sénégal",https://images.coinafrique.com/thumb_5041105_uploaded_image1_1731466674.jpg,https://sn.coinafrique.com/annonce/autres-animaux/himalayen-5041105
88,persan pure race,400000.0,"Dakar Plateau, Dakar, Sénégal",https://images.coinafrique.com/thumb_5041103_uploaded_image1_1731467091.jpg,https://sn.coinafrique.com/annonce/autres-animaux/persan-pure-race-5041103
89,British et scottish pure race,650000.0,"Dakar Plateau, Dakar, Sénégal",https://images.coinafrique.com/thumb_5041101_uploaded_image1_1731465886.jpg,https://sn.coinafrique.com/annonce/autres-animaux/british-et-scottish-pure-race-5041101
90,Dindes,25000.0,"Almadies 2, Dakar, Sénégal",https://images.coinafrique.com/thumb_5035473_uploaded_image1_1731162862.jpg,https://sn.coinafrique.com/annonce/autres-animaux/dindes-5035473
91,Bœuf,300000.0,"Biscuiterie, Dakar, Sénégal",https://images.coinafrique.com/thumb_5022926_uploaded_image1_1730540052.jpg,https://sn.coinafrique.com/annonce/autres-animaux/buf-5022926
92,Chaton de 1 mois,20000.0,"Mariste, Dakar, Sénégal",https://images.coinafrique.com/thumb_5017864_uploaded_image1_1730286261.jpg,https://sn.coinafrique.com/annonce/autres-animaux/chaton-de-1-mois-5017864
93,Caille,1500.0,"Guediawaye, Dakar, Sénégal",https://images.coinafrique.com/thumb_5001807_uploaded_image1_1729346954.jpg,https://sn.coinafrique.com/annonce/autres-animaux/caille-5001807
95,Chat Siamois,170000.0,"Point E, Dakar, Sénégal",https://images.coinafrique.com/thumb_4997392_uploaded_image2_1729102102.jpeg,https://sn.coinafrique.com/annonce/autres-animaux/chat-siamois-4997392
96,Bœuf,700000.0,"Keur Massar, Sénégal",https://images.coinafrique.com/thumb_4996496_uploaded_image1_1729075617.jpg,https://sn.coinafrique.com/annonce/autres-animaux/buf-4996496
98,Tortue,35000.0,"Hann Bel-Air, Dakar, Sénégal",https://images.coinafrique.com/thumb_4976748_uploaded_image1_1728036550.jpg,https://sn.coinafrique.com/annonce/autres-animaux/tortue-4976748
100,Perroquet,399000.0,"Sicap Liberté, Dakar, Sénégal",https://images.coinafrique.com/thumb_4967605_uploaded_image1_1727643698.jpg,https://sn.coinafrique.com/annonce/autres-animaux/perroquet-4967605
101,Œufs de caille,4500.0,"Mbour, Sénégal",https://images.coinafrique.com/thumb_4962446_uploaded_image1_1727306903.jpg,https://sn.coinafrique.com/annonce/autres-animaux/ufs-de-caille-4962446
102,Cailles de chair,2500.0,"Thies, Sénégal",https://images.coinafrique.com/thumb_4957482_uploaded_image1_1727090624.jpg,https://sn.coinafrique.com/annonce/autres-animaux/cailles-de-chair-4957482
103,Chaton,50000.0,"Dakar, Sénégal",https://images.coinafrique.com/thumb_4956743_uploaded_image1_1727042864.jpg,https://sn.coinafrique.com/annonce/autres-animaux/chaton-4956743
104,Pintade noire,800000.0,"Hann Bel-Air, Dakar, Sénégal",https://images.coinafrique.com/thumb_4942157_uploaded_image1_1726204107.jpg,https://sn.coinafrique.com/annonce/autres-animaux/pintade-noire-4942157
105,Chaton Persan Peaky Face,590000.0,"Point E, Dakar, Sénégal",https://images.coinafrique.com/thumb_4941927_uploaded_image1_1726184064.jpg,https://sn.coinafrique.com/annonce/autres-animaux/chaton-persan-peaky-face-4941927
106,Chat,350000.0,"Grand Dakar, Dakar, Sénégal",https://images.coinafrique.com/thumb_4928423_uploaded_image1_1725508257.jpg,https://sn.coinafrique.com/annonce/autres-animaux/chat-4928423
108,Poussins de canard,2500.0,"Guediawaye, Dakar, Sénégal",https://images.coinafrique.com/thumb_4917429_uploaded_image1_1724966703.jpg,https://sn.coinafrique.com/annonce/autres-animaux/poussins-de-canard-4917429
110,Perroquets,50000.0,"Point E, Dakar, Sénégal",https://images.coinafrique.com/thumb_4903200_uploaded_image1_1724163057.jpg,https://sn.coinafrique.com/annonce/autres-animaux/perroquets-4903200
111,Poisson Aquarium,8500.0,"Dakar Plateau, Dakar, Sénégal",https://images.coinafrique.com/thumb_4898597_uploaded_image1_1723887709.jpg,https://sn.coinafrique.com/annonce/autres-animaux/poisson-aquarium-4898597
113,Chatons persans chinchillas purs,550000.0,"Sicap Liberté, Dakar, Sénégal",https://images.coinafrique.com/thumb_4888897_uploaded_image1_1723397770.jpg,https://sn.coinafrique.com/annonce/autres-animaux/chatons-persans-chinchillas-purs-4888897
114,Autruche,750000.0,"Almadies 2, Dakar, Sénégal",https://images.coinafrique.com/thumb_4885138_uploaded_image1_1723173640.jpg,https://sn.coinafrique.com/annonce/autres-animaux/autruche-4885138
115,Œufs de caille,3000.0,"Thies, Sénégal",https://images.coinafrique.com/thumb_4880858_uploaded_image1_1722971406.jpg,https://sn.coinafrique.com/annonce/autres-animaux/ufs-de-caille-4880858
116,Œufs de caille,3000.0,"Thies, Sénégal",https://images.coinafrique.com/thumb_4880849_uploaded_image1_1722971092.jpg,https://sn.coinafrique.com/annonce/autres-animaux/ufs-de-caille-4880849
118,Vache,350000.0,"Gassane, Sénégal",https://images.coinafrique.com/thumb_4864739_uploaded_image1_1722168896.jpg,https://sn.coinafrique.com/annonce/autres-animaux/vache-4864739
119,Chaton hiamalayen,200000.0,"Dakar Plateau, Dakar, Sénégal",https://images.coinafrique.com/thumb_4864117_uploaded_image1_1722115248.jpg,https://sn.coinafrique.com/annonce/autres-animaux/chaton-hiamalayen-4864117
120,Siamois,200000.0,"Yoff, Dakar, Sénégal",https://images.coinafrique.com/thumb_4855435_uploaded_image1_1721662817.jpg,https://sn.coinafrique.com/annonce/autres-animaux/siamois-4855435
122,Vache montbéliardes,2000000.0,"Pikine, Sénégal",https://images.coinafrique.com/thumb_4851931_uploaded_image2_1721447498.jpeg,https://sn.coinafrique.com/annonce/autres-animaux/vache-montbeliardes-4851931
123,Perruche ondulée,15000.0,"Dieuppeul-Derklé, Dakar, Sénégal",https://images.coinafrique.com/thumb_4846061_uploaded_image1_1721147785.jpg,https://sn.coinafrique.com/annonce/autres-animaux/perruche-ondulee-4846061
124,Perruche ondulée,30000.0,"Dieuppeul-Derklé, Dakar, Sénégal",https://images.coinafrique.com/thumb_4846053_uploaded_image1_1721147434.jpg,https://sn.coinafrique.com/annonce/autres-animaux/perruche-ondulee-4846053
125,Perruches ondulées blanches,20000.0,"Dieuppeul-Derklé, Dakar, Sénégal",https://images.coinafrique.com/thumb_4846024_uploaded_image1_1721146605.jpg,https://sn.coinafrique.com/annonce/autres-animaux/perruches-ondulees-blanches-4846024
126,Persan pure race,500000.0,"Dakar Plateau, Dakar, Sénégal",https://images.coinafrique.com/thumb_4818301_uploaded_image1_1719774491.jpg,https://sn.coinafrique.com/annonce/autres-animaux/persan-pure-race-4818301
127,Chatons Persan pure race,430000.0,"Dakar Plateau, Dakar, Sénégal",https://images.coinafrique.com/thumb_4808981_uploaded_image1_1719268557.jpg,https://sn.coinafrique.com/annonce/autres-animaux/chatons-persan-pure-race-4808981
128,Scottish fold et scottish straight de race pure,700000.0,"Dakar Plateau, Dakar, Sénégal",https://images.coinafrique.com/thumb_4808971_uploaded_image1_1719267956.jpg,https://sn.coinafrique.com/annonce/autres-animaux/scottish-fold-et-scottish-straight-de-race-pure-4808971
129,Foin,4600.0,"Keur Massar, Sénégal",https://images.coinafrique.com/thumb_4807500_uploaded_image1_1719210823.jpg,https://sn.coinafrique.com/annonce/autres-animaux/foin-4807500
130,Paon,140000.0,"Yoff, Dakar, Sénégal",https://images.coinafrique.com/thumb_4804686_uploaded_image1_1718999173.jpg,https://sn.coinafrique.com/annonce/autres-animaux/paon-4804686
131,Chat scotish,750000.0,"Dakar Plateau, Dakar, Sénégal",https://images.coinafrique.com/thumb_4803206_uploaded_image1_1718912151.jpg,https://sn.coinafrique.com/annonce/autres-animaux/chat-scotish-4803206
132,Poussin dinde rouge,15000.0,"Dakar, Sénégal",https://images.coinafrique.com/thumb_4794677_uploaded_image1_1718313441.jpg,https://sn.coinafrique.com/annonce/autres-animaux/poussin-dinde-rouge-4794677
133,Cochin Fauve,17500.0,"Dakar, Sénégal",https://images.coinafrique.com/thumb_4794473_uploaded_image1_1718301841.jpg,https://sn.coinafrique.com/annonce/autres-animaux/cochin-fauve-4794473
134,Poussin Cochin disponible,17500.0,"Dakar, Sénégal",https://images.coinafrique.com/thumb_4794466_uploaded_image1_1718301585.jpg,https://sn.coinafrique.com/annonce/autres-animaux/poussin-cochin-disponible-4794466
135,Chat persan,400000.0,"Dakar Plateau, Dakar, Sénégal",https://images.coinafrique.com/thumb_4785131_uploaded_image1_1717786702.jpg,https://sn.coinafrique.com/annonce/autres-animaux/chat-persan-4785131
136,Chaton Angora,350000.0,"Dakar, Sénégal",https://images.coinafrique.com/thumb_4765270_uploaded_image1_1716842569.jpg,https://sn.coinafrique.com/annonce/autres-animaux/chaton-angora-4765270
138,Chaton Scottish,450000.0,"Dakar Plateau, Dakar, Sénégal",https://images.coinafrique.com/thumb_4755374_uploaded_image1_1716328455.jpg,https://sn.coinafrique.com/annonce/autres-animaux/chaton-scottish-4755374
142,Boeuf,800000.0,"Kaolack, Sénégal",https://images.coinafrique.com/thumb_4752043_uploaded_image1_1716145974.jpg,https://sn.coinafrique.com/annonce/autres-animaux/boeuf-4752043
144,Paon bleu,250000.0,"Rufisque, Sénégal",https://images.coinafrique.com/thumb_4686441_uploaded_image1_1712838619.jpg,https://sn.coinafrique.com/annonce/autres-animaux/paon-bleu-4686441
145,Perroquet inséparable,60000.0,"Point E, Dakar, Sénégal",https://images.coinafrique.com/thumb_4724298_uploaded_image1_1714756962.jpg,https://sn.coinafrique.com/annonce/autres-animaux/perroquet-inseparable-4724298
146,Chat Siamois,300000.0,"Almadies, Dakar, Sénégal",https://images.coinafrique.com/thumb_4723220_uploaded_image1_1714727016.jpg,https://sn.coinafrique.com/annonce/autres-animaux/chat-siamois-4723220
147,Hamster,5000.0,"Almadies, Dakar, Sénégal",https://images.coinafrique.com/thumb_4723216_uploaded_image1_1714726904.jpg,https://sn.coinafrique.com/annonce/autres-animaux/hamster-4723216
149,Perruche,20000.0,"Mamelles, Dakar, Sénégal",https://images.coinafrique.com/thumb_4701230_uploaded_image1_1713565518.jpg,https://sn.coinafrique.com/annonce/autres-animaux/perruche-4701230
152,Paire de perruches ondulées,40000.0,"Mamelles, Dakar, Sénégal",https://images.coinafrique.com/thumb_4679396_uploaded_image1_1712411459.jpg,https://sn.coinafrique.com/annonce/autres-animaux/paire-de-perruches-ondulees-4679396
155,Couple perroquet  Roseicollis,60000.0,"Point E, Dakar, Sénégal",https://images.coinafrique.com/thumb_4651651_uploaded_image1_1710951067.jpg,https://sn.coinafrique.com/annonce/autres-animaux/couple-perroquet-roseicollis-4651651
156,Canard Colvert,25000.0,"Mariste, Dakar, Sénégal",https://images.coinafrique.com/thumb_4650420_uploaded_image1_1710887873.jpg,https://sn.coinafrique.com/annonce/autres-animaux/canard-colvert-4650420
158,Chaton Himalayen,270000.0,"Dakar Plateau, Dakar, Sénégal",https://images.coinafrique.com/thumb_4642742_uploaded_image1_1710476161.jpg,https://sn.coinafrique.com/annonce/autres-animaux/chaton-himalayen-4642742
159,Cage avec 3  oiseaux,60000.0,"Dakar, Sénégal",https://images.coinafrique.com/thumb_4640165_uploaded_image1_1710330525.jpg,https://sn.coinafrique.com/annonce/autres-animaux/cage-avec-3-oiseaux-4640165
160,Chaton Hymalayen Persan,270000.0,"Dakar Plateau, Dakar, Sénégal",https://images.coinafrique.com/thumb_4639205_uploaded_image1_1710275204.jpg,https://sn.coinafrique.com/annonce/autres-animaux/chaton-hymalayen-persan-4639205
161,Chat Brittish Shorthair,700000.0,"Dakar Plateau, Dakar, Sénégal",https://images.coinafrique.com/thumb_4629619_uploaded_image1_1709768692.jpg,https://sn.coinafrique.com/annonce/autres-animaux/chat-brittish-shorthair-4629619
162,Chat Persan Chinchilla,400000.0,"Dakar Plateau, Dakar, Sénégal",https://images.coinafrique.com/thumb_4623023_uploaded_image1_1709471973.jpg,https://sn.coinafrique.com/annonce/autres-animaux/chat-persan-chinchilla-4623023
163,Poussins de canards,3000.0,"Guediawaye, Dakar, Sénégal",https://images.coinafrique.com/thumb_4619825_uploaded_image1_1709296934.jpg,https://sn.coinafrique.com/annonce/autres-animaux/poussins-de-canards-4619825
165,Chaton Siamois Hymalayen,240000.0,"Dakar Plateau, Dakar, Sénégal",https://images.coinafrique.com/thumb_4593854_uploaded_image1_1707927839.jpg,https://sn.coinafrique.com/annonce/autres-animaux/chaton-siamois-hymalayen-4593854
166,Chaton Persan,400000.0,"Dakar Plateau, Dakar, Sénégal",https://images.coinafrique.com/thumb_4592914_uploaded_image1_1707885493.jpg,https://sn.coinafrique.com/annonce/autres-animaux/chaton-persan-4592914
167,Chaton Scottish Fold,750000.0,"Dakar Plateau, Dakar, Sénégal",https://images.coinafrique.com/thumb_4571582_uploaded_image1_1706729320.jpg,https://sn.coinafrique.com/annonce/autres-animaux/chaton-scottish-fold-4571582
168,Perroquet youyou,10000.0,"Dieuppeul-Derklé, Dakar, Sénégal",https://images.coinafrique.com/thumb_4570755_uploaded_image2_1706701706.jpeg,https://sn.coinafrique.com/annonce/autres-animaux/perroquet-youyou-4570755
169,Chaton Persan,400000.0,"Dakar Plateau, Dakar, Sénégal",https://images.coinafrique.com/thumb_4569529_uploaded_image1_1706630955.jpg,https://sn.coinafrique.com/annonce/autres-animaux/chaton-persan-4569529
170,Boeuf,600000.0,"Mbao, Dakar, Sénégal",https://images.coinafrique.com/thumb_4568012_uploaded_image1_1706543950.jpg,https://sn.coinafrique.com/annonce/autres-animaux/boeuf-4568012
171,Cochons d'inde,20000.0,"Keur Massar, Sénégal",https://images.coinafrique.com/thumb_4555313_uploaded_image1_1705776199.jpg,https://sn.coinafrique.com/annonce/autres-animaux/cochons-dinde-4555313
172,Chaton Scotish Fold,750000.0,"Fann, Dakar, Sénégal",https://images.coinafrique.com/thumb_4540889_uploaded_image1_1705029103.jpg,https://sn.coinafrique.com/annonce/autres-animaux/chaton-scotish-fold-4540889
173,Chaton Persan,400000.0,"Dakar, Sénégal",https://images.coinafrique.com/thumb_4540876_uploaded_image1_1705028116.jpg,https://sn.coinafrique.com/annonce/autres-animaux/chaton-persan-4540876
175,Poissons aquarium,7000.0,"Dakar Plateau, Dakar, Sénégal",https://images.coinafrique.com/thumb_4534116_uploaded_image2_1704727054.jpeg,https://sn.coinafrique.com/annonce/autres-animaux/poissons-aquarium-4534116
176,Chatons Serval,1500000.0,"Saint Louis, Sénégal",https://images.coinafrique.com/thumb_4517799_uploaded_image1_1703777941.jpg,https://sn.coinafrique.com/annonce/autres-animaux/chatons-serval-4517799
177,Couple dinde,40000.0,"Kolda, Sénégal",https://images.coinafrique.com/thumb_4506000_uploaded_image1_1702997150.jpg,https://sn.coinafrique.com/annonce/autres-animaux/couple-dinde-4506000
178,Cochons,20000.0,"Keur Massar, Sénégal",https://images.coinafrique.com/thumb_4503064_uploaded_image1_1702806770.jpg,https://sn.coinafrique.com/annonce/autres-animaux/cochons-4503064
179,Cochons,20000.0,"Keur Massar, Sénégal",https://images.coinafrique.com/thumb_4503058_uploaded_image1_1702806558.jpg,https://sn.coinafrique.com/annonce/autres-animaux/cochons-4503058
180,Pintade,75000.0,"Guediawaye, Dakar, Sénégal",https://images.coinafrique.com/thumb_4465594_uploaded_image1_1700505532.jpg,https://sn.coinafrique.com/annonce/autres-animaux/pintade-4465594
181,Perruche Anglaise,40000.0,"Dieuppeul-Derklé, Dakar, Sénégal",https://images.coinafrique.com/thumb_4456172_uploaded_image1_1699885668.jpg,https://sn.coinafrique.com/annonce/autres-animaux/perruche-anglaise-4456172
182,Perruches ondulées,15000.0,"Dieuppeul-Derklé, Dakar, Sénégal",https://images.coinafrique.com/thumb_4456156_uploaded_image1_1699884359.jpg,https://sn.coinafrique.com/annonce/autres-animaux/perruches-ondulees-4456156
183,Cailles,1500.0,"Dakar, Sénégal",https://images.coinafrique.com/thumb_4454743_uploaded_image1_1699793813.jpg,https://sn.coinafrique.com/annonce/autres-animaux/cailles-4454743
184,Perruche ondulée,7000.0,"Thies, Sénégal",https://images.coinafrique.com/thumb_4452994_uploaded_image1_1699659802.jpg,https://sn.coinafrique.com/annonce/autres-animaux/perruche-ondulee-4452994
185,Paon,250000.0,"Dakar, Sénégal",https://images.coinafrique.com/thumb_4451044_uploaded_image1_1699554808.jpg,https://sn.coinafrique.com/annonce/autres-animaux/paon-4451044
186,Paon,65000.0,"Yoff, Dakar, Sénégal",https://images.coinafrique.com/thumb_4435457_uploaded_image1_1698661056.jpg,https://sn.coinafrique.com/annonce/autres-animaux/paon-4435457
187,Pintade,7000.0,"Keur Massar, Sénégal",https://images.coinafrique.com/thumb_4412768_uploaded_image1_1697036744.jpg,https://sn.coinafrique.com/annonce/autres-animaux/pintade-4412768
188,Perroquet,50000.0,"Point E, Dakar, Sénégal",https://images.coinafrique.com/thumb_4411374_uploaded_image1_1696959883.jpg,https://sn.coinafrique.com/annonce/autres-animaux/perroquet-4411374
190,Dindes,30000.0,"Guediawaye, Dakar, Sénégal",https://images.coinafrique.com/thumb_4408804_uploaded_image1_1696809535.jpg,https://sn.coinafrique.com/annonce/autres-animaux/dindes-4408804
191,Pintades,40000.0,"Guediawaye, Dakar, Sénégal",https://images.coinafrique.com/thumb_4408799_uploaded_image1_1696809191.jpg,https://sn.coinafrique.com/annonce/autres-animaux/pintades-4408799
192,Veaux,450000.0,"Pikine, Sénégal",https://images.coinafrique.com/thumb_4407653_uploaded_image1_1696730126.jpg,https://sn.coinafrique.com/annonce/autres-animaux/veaux-4407653
193,Chèvre,80000.0,"Thies, Sénégal",https://images.coinafrique.com/thumb_4387674_uploaded_image1_1695430824.jpg,https://sn.coinafrique.com/annonce/autres-animaux/chevre-4387674
194,Chat Persan,650000.0,"Point E, Dakar, Sénégal",https://images.coinafrique.com/thumb_4386249_uploaded_image1_1695340690.jpg,https://sn.coinafrique.com/annonce/autres-animaux/chat-persan-4386249
195,Dinde rouge pair,35000.0,"Dakar, Sénégal",https://images.coinafrique.com/thumb_4381112_uploaded_image1_1695035479.jpg,https://sn.coinafrique.com/annonce/autres-animaux/dinde-rouge-pair-4381112
196,Bœuf,450000.0,"Dakar, Sénégal",https://images.coinafrique.com/thumb_4379382_uploaded_image1_1694875556.jpg,https://sn.coinafrique.com/annonce/autres-animaux/buf-4379382
198,Taureau,320000.0,"Rufisque, Sénégal",https://images.coinafrique.com/thumb_4335558_uploaded_image1_1692061499.jpg,https://sn.coinafrique.com/annonce/autres-animaux/taureau-4335558
199,Chaton Gimalayen Siamois,250000.0,"Fann, Dakar, Sénégal",https://images.coinafrique.com/thumb_4333502_uploaded_image1_1691932427.jpg,https://sn.coinafrique.com/annonce/autres-animaux/chaton-gimalayen-siamois-4333502
200,Perruches ondulées,20000.0,"Point E, Dakar, Sénégal",https://images.coinafrique.com/thumb_4331659_uploaded_image1_1691773285.jpg,https://sn.coinafrique.com/annonce/autres-animaux/perruches-ondulees-4331659
201,Perroquets,60000.0,"Point E, Dakar, Sénégal",https://images.coinafrique.com/thumb_4331654_uploaded_image1_1691772808.jpg,https://sn.coinafrique.com/annonce/autres-animaux/perroquets-4331654
202,Cailles de chair,500.0,"Colobane, Dakar, Sénégal",https://images.coinafrique.com/thumb_4327166_uploaded_image1_1691508551.jpg,https://sn.coinafrique.com/annonce/autres-animaux/cailles-de-chair-4327166
203,Poussins d'autruche,50000.0,"Bambey, Sénégal",https://images.coinafrique.com/thumb_4292496_uploaded_image1_1689236421.jpg,https://sn.coinafrique.com/annonce/autres-animaux/poussins-dautruche-4292496
204,Chat tigré,60000.0,"Rufisque, Sénégal",https://images.coinafrique.com/thumb_4290090_uploaded_image1_1689085062.jpg,https://sn.coinafrique.com/annonce/autres-animaux/chat-tigre-4290090
205,Chat tigré,60000.0,"Rufisque, Sénégal",https://images.coinafrique.com/thumb_4290086_uploaded_image1_1689084975.jpg,https://sn.coinafrique.com/annonce/autres-animaux/chat-tigre-4290086
206,Canard,30000.0,"Guediawaye, Dakar, Sénégal",https://images.coinafrique.com/thumb_4251761_uploaded_image1_1686479149.jpg,https://sn.coinafrique.com/annonce/autres-animaux/canard-4251761
207,Autruche,40000.0,"Bambey, Sénégal",https://images.coinafrique.com/thumb_4274068_uploaded_image1_1688027259.jpg,https://sn.coinafrique.com/annonce/autres-animaux/autruche-4274068
208,Chatons persans chinchilla golden shaded,500000.0,"Sicap Liberté, Dakar, Sénégal",https://images.coinafrique.com/thumb_4268926_uploaded_image1_1687601650.jpg,https://sn.coinafrique.com/annonce/autres-animaux/chatons-persans-chinchilla-golden-shaded-4268926
209,Chat persan chinchilla blue golden shaded,650000.0,"Sicap Liberté, Dakar, Sénégal",https://images.coinafrique.com/thumb_4268866_uploaded_image1_1687597344.jpg,https://sn.coinafrique.com/annonce/autres-animaux/chat-persan-chinchilla-blue-golden-shaded-4268866
210,Chat persan chinchilla golden shaded,500000.0,"Sicap Liberté, Dakar, Sénégal",https://images.coinafrique.com/thumb_4268857_uploaded_image1_1687596952.jpg,https://sn.coinafrique.com/annonce/autres-animaux/chat-persan-chinchilla-golden-shaded-4268857
211,Perruches ondulées,20000.0,"Dieuppeul-Derklé, Dakar, Sénégal",https://images.coinafrique.com/thumb_4268218_uploaded_image1_1687536623.jpg,https://sn.coinafrique.com/annonce/autres-animaux/perruches-ondulees-4268218
212,Oies,45000.0,"Thies, Sénégal",https://images.coinafrique.com/thumb_4263743_uploaded_image1_1687283716.jpg,https://sn.coinafrique.com/annonce/autres-animaux/oies-4263743
213,Poissons aquariums,7500.0,"Dakar Plateau, Dakar, Sénégal",https://images.coinafrique.com/thumb_4258053_uploaded_image1_1686843939.jpg,https://sn.coinafrique.com/annonce/autres-animaux/poissons-aquariums-4258053
216,Perruche,30000.0,"Point E, Dakar, Sénégal",https://images.coinafrique.com/thumb_4236158_uploaded_image1_1685471000.jpg,https://sn.coinafrique.com/annonce/autres-animaux/perruche-4236158
217,Paon,400.0,"Touba, Sénégal",https://images.coinafrique.com/thumb_4226444_uploaded_image1_1684797786.jpg,https://sn.coinafrique.com/annonce/autres-animaux/paon-4226444
218,Poussins bleus hollandais,1500.0,"Mbao, Dakar, Sénégal",https://images.coinafrique.com/thumb_4223952_uploaded_image1_1684611180.jpg,https://sn.coinafrique.com/annonce/autres-animaux/poussins-bleus-hollandais-4223952
219,Chaton Siamois Himalayen,275000.0,"Fann, Dakar, Sénégal",https://images.coinafrique.com/thumb_4215680_uploaded_image1_1684074328.jpg,https://sn.coinafrique.com/annonce/autres-animaux/chaton-siamois-himalayen-4215680
220,Poissons aquarium,15000.0,"Dakar Plateau, Dakar, Sénégal",https://images.coinafrique.com/thumb_4213007_uploaded_image1_1683888858.jpg,https://sn.coinafrique.com/annonce/autres-animaux/poissons-aquarium-4213007
221,Cailles,7000.0,"Touba, Sénégal",https://images.coinafrique.com/thumb_4208226_uploaded_image1_1683592423.jpg,https://sn.coinafrique.com/annonce/autres-animaux/cailles-4208226
222,Boeuf,600000.0,"Bambey, Sénégal",https://images.coinafrique.com/thumb_4196106_uploaded_image1_1682881461.jpg,https://sn.coinafrique.com/annonce/autres-animaux/boeuf-4196106
223,Perruches,30000.0,"Hann Bel-Air, Dakar, Sénégal",https://images.coinafrique.com/thumb_4194617_uploaded_image1_1682759209.jpg,https://sn.coinafrique.com/annonce/autres-animaux/perruches-4194617
224,Perroquet,35000.0,"Dakar, Sénégal",https://images.coinafrique.com/thumb_4185842_uploaded_image1_1682102205.jpg,https://sn.coinafrique.com/annonce/autres-animaux/perroquet-4185842
225,Couple de perruches,14900.0,"Thies, Sénégal",https://images.coinafrique.com/thumb_4180902_uploaded_image1_1681767382.jpg,https://sn.coinafrique.com/annonce/autres-animaux/couple-de-perruches-4180902
226,Chaton siamois,240000.0,"Sacré-Coeur, Dakar, Sénégal",https://images.coinafrique.com/thumb_4180282_uploaded_image1_1681738114.jpg,https://sn.coinafrique.com/annonce/autres-animaux/chaton-siamois-4180282
227,Dinde,45000.0,"Touba, Sénégal",https://images.coinafrique.com/thumb_4170236_uploaded_image1_1681079402.jpg,https://sn.coinafrique.com/annonce/autres-animaux/dinde-4170236
228,Dindes,100000.0,"Parcelle Assainies, Dakar, Sénégal",https://images.coinafrique.com/thumb_4169875_uploaded_image1_1681057517.jpg,https://sn.coinafrique.com/annonce/autres-animaux/dindes-4169875
229,Dindes,100000.0,"Parcelle Assainies, Dakar, Sénégal",https://images.coinafrique.com/thumb_4169870_uploaded_image1_1681057188.jpg,https://sn.coinafrique.com/annonce/autres-animaux/dindes-4169870
231,Perroquet,20000.0,"Dakar, Sénégal",https://images.coinafrique.com/thumb_4141464_uploaded_image1_1679320795.jpg,https://sn.coinafrique.com/annonce/autres-animaux/perroquet-4141464
232,Canard colvert,32500.0,"Almadies 2, Dakar, Sénégal",https://images.coinafrique.com/thumb_4141195_uploaded_image1_1679311407.jpg,https://sn.coinafrique.com/annonce/autres-animaux/canard-colvert-4141195
233,Chatte persane himalayenne,200000.0,"Dakar, Sénégal",https://images.coinafrique.com/thumb_4140736_uploaded_image1_1679260998.jpg,https://sn.coinafrique.com/annonce/autres-animaux/chatte-persane-himalayenne-4140736
234,Oies,35000.0,"Thies, Sénégal",https://images.coinafrique.com/thumb_4119270_uploaded_image2_1677889884.jpeg,https://sn.coinafrique.com/annonce/autres-animaux/oies-4119270
235,Hamster dorée,15000.0,"Sacré-Coeur, Dakar, Sénégal",https://images.coinafrique.com/thumb_4110101_uploaded_image1_1677403384.jpg,https://sn.coinafrique.com/annonce/autres-animaux/hamster-doree-4110101
236,Chèvre sahelienne,180000.0,"Mbour, Sénégal",https://images.coinafrique.com/thumb_4103018_uploaded_image1_1676929679.jpg,https://sn.coinafrique.com/annonce/autres-animaux/chevre-sahelienne-4103018
237,Chats siamois himalayen,300000.0,"Thies, Sénégal",https://images.coinafrique.com/thumb_4102440_uploaded_image1_1676904996.jpg,https://sn.coinafrique.com/annonce/autres-animaux/chats-siamois-himalayen-4102440
238,Chaton angora,180000.0,"Fann, Dakar, Sénégal",https://images.coinafrique.com/thumb_4102298_uploaded_image1_1676900131.jpg,https://sn.coinafrique.com/annonce/autres-animaux/chaton-angora-4102298
240,Bœuf,600000.0,"Bambey, Sénégal",https://images.coinafrique.com/thumb_4090572_uploaded_image1_1676111755.jpg,https://sn.coinafrique.com/annonce/autres-animaux/buf-4090572
241,Oies,65000.0,"Niaga, Sénégal",https://images.coinafrique.com/thumb_4064457_uploaded_image1_1674641302.jpg,https://sn.coinafrique.com/annonce/autres-animaux/oies-4064457
242,Dinde,50000.0,"Dakar, Sénégal",https://images.coinafrique.com/thumb_4060300_uploaded_image1_1674362008.jpg,https://sn.coinafrique.com/annonce/autres-animaux/dinde-4060300
243,Canards,20000.0,"Dakar, Sénégal",https://images.coinafrique.com/thumb_4056116_uploaded_image1_1674103896.jpg,https://sn.coinafrique.com/annonce/autres-animaux/canards-4056116
244,Dindons,175000.0,"Dakar, Sénégal",https://images.coinafrique.com/thumb_4056115_uploaded_image1_1674103633.jpg,https://sn.coinafrique.com/annonce/autres-animaux/dindons-4056115
245,Perruches ondulées,7000.0,"Hann Bel-Air, Dakar, Sénégal",https://images.coinafrique.com/thumb_4049517_uploaded_image1_1673696813.jpg,https://sn.coinafrique.com/annonce/autres-animaux/perruches-ondulees-4049517
247,Oies de garde,200000.0,"Mbour, Sénégal",https://images.coinafrique.com/thumb_4033376_uploaded_image1_1672817271.jpg,https://sn.coinafrique.com/annonce/autres-animaux/oies-de-garde-4033376
248,Cheval,450000.0,"Thies, Sénégal",https://images.coinafrique.com/thumb_4029054_uploaded_image1_1672496527.jpg,https://sn.coinafrique.com/annonce/autres-animaux/cheval-4029054
249,Jument,550000.0,"Thies, Sénégal",https://images.coinafrique.com/thumb_4029052_uploaded_image1_1672496436.jpg,https://sn.coinafrique.com/annonce/autres-animaux/jument-4029052
250,Vache,475.0,"Niaga, Sénégal",https://images.coinafrique.com/thumb_4015081_uploaded_image1_1671456683.jpg,https://sn.coinafrique.com/annonce/autres-animaux/vache-4015081
251,Perroquets Roseicollis,50000.0,"Point E, Dakar, Sénégal",https://images.coinafrique.com/thumb_4006084_uploaded_image1_1670879833.jpg,https://sn.coinafrique.com/annonce/autres-animaux/perroquets-roseicollis-4006084
252,Chaton Persan,400000.0,"Fann, Dakar, Sénégal",https://images.coinafrique.com/thumb_4004300_uploaded_image1_1670782309.jpg,https://sn.coinafrique.com/annonce/autres-animaux/chaton-persan-4004300
253,Chat persan hymalayen,350000.0,"Ngor, Dakar, Sénégal",https://images.coinafrique.com/thumb_4002094_uploaded_image1_1670612752.jpg,https://sn.coinafrique.com/annonce/autres-animaux/chat-persan-hymalayen-4002094
254,Bœufs,600000.0,"Bambey, Sénégal",https://images.coinafrique.com/thumb_4001249_uploaded_image1_1670577657.jpg,https://sn.coinafrique.com/annonce/autres-animaux/bufs-4001249
255,Bœufs,600000.0,"Bambey, Sénégal",https://images.coinafrique.com/thumb_3991901_uploaded_image1_1670076562.jpg,https://sn.coinafrique.com/annonce/autres-animaux/bufs-3991901
256,Chèvre,50000.0,"Dakar, Sénégal",https://images.coinafrique.com/thumb_3985611_uploaded_image1_1669761997.jpg,https://sn.coinafrique.com/annonce/autres-animaux/chevre-3985611
257,Perruches ondulées,12000.0,"Guediawaye, Dakar, Sénégal",https://images.coinafrique.com/thumb_3968286_uploaded_image1_1668632770.jpg,https://sn.coinafrique.com/annonce/autres-animaux/perruches-ondulees-3968286
258,Paon,450000.0,"Touba, Sénégal",https://images.coinafrique.com/thumb_3956247_uploaded_image2_1667916424.jpeg,https://sn.coinafrique.com/annonce/autres-animaux/paon-3956247
259,Dinde,35000.0,"Touba, Sénégal",https://images.coinafrique.com/thumb_3956243_uploaded_image1_1667916312.jpg,https://sn.coinafrique.com/annonce/autres-animaux/dinde-3956243
260,Poissons aquarium,7500.0,"Dakar Plateau, Dakar, Sénégal",https://images.coinafrique.com/thumb_3922652_uploaded_image1_1665918281.jpg,https://sn.coinafrique.com/annonce/autres-animaux/poissons-aquarium-3922652
261,Anes,500000.0,"Mbour, Sénégal",https://images.coinafrique.com/thumb_3916725_uploaded_image1_1665569939.jpg,https://sn.coinafrique.com/annonce/autres-animaux/anes-3916725
262,Bœuf,700000.0,"Mbour, Sénégal",https://images.coinafrique.com/thumb_3916720_uploaded_image1_1665569801.jpg,https://sn.coinafrique.com/annonce/autres-animaux/buf-3916720
263,Paons bleus,400000.0,"Mbour, Sénégal",https://images.coinafrique.com/thumb_3916692_uploaded_image1_1665568760.jpg,https://sn.coinafrique.com/annonce/autres-animaux/paons-bleus-3916692
265,Cailles,2500.0,"Ziguinchor, Sénégal",https://images.coinafrique.com/thumb_3905361_uploaded_image1_1664880986.jpg,https://sn.coinafrique.com/annonce/autres-animaux/cailles-3905361
266,Paon,50000.0,"Yoff, Dakar, Sénégal",https://images.coinafrique.com/thumb_3901686_uploaded_image1_1664658095.jpg,https://sn.coinafrique.com/annonce/autres-animaux/paon-3901686
267,Œufs,9000.0,"Keur Massar, Sénégal",https://images.coinafrique.com/thumb_3862604_uploaded_image1_1662310160.jpg,https://sn.coinafrique.com/annonce/autres-animaux/ufs-3862604
268,Cobaye mâle,16000.0,"Thies, Sénégal",https://images.coinafrique.com/thumb_3868453_uploaded_image1_1662603701.jpg,https://sn.coinafrique.com/annonce/autres-animaux/cobaye-male-3868453
269,Vache,65000.0,"Biscuiterie, Dakar, Sénégal",https://images.coinafrique.com/thumb_3850590_uploaded_image1_1661716395.jpg,https://sn.coinafrique.com/annonce/autres-animaux/vache-3850590
271,Bœuf,750000.0,"Niaga, Sénégal",https://images.coinafrique.com/thumb_3817866_uploaded_image1_1659784836.jpg,https://sn.coinafrique.com/annonce/autres-animaux/buf-3817866
272,Hamster dorée,15000.0,"Sacré-Coeur, Dakar, Sénégal",https://images.coinafrique.com/thumb_3814562_uploaded_image1_1659613355.jpg,https://sn.coinafrique.com/annonce/autres-animaux/hamster-doree-3814562
273,Vache,1000000.0,"Bambey, Sénégal",https://images.coinafrique.com/thumb_3804681_uploaded_image1_1659094431.jpg,https://sn.coinafrique.com/annonce/autres-animaux/vache-3804681
274,Peruche ondulée,10000.0,"Dakar Plateau, Dakar, Sénégal",https://images.coinafrique.com/thumb_3803986_uploaded_image1_1659036881.jpg,https://sn.coinafrique.com/annonce/autres-animaux/peruche-ondulee-3803986
277,Veau,300000.0,"Biscuiterie, Dakar, Sénégal",https://images.coinafrique.com/thumb_3784229_uploaded_image1_1657796861.jpg,https://sn.coinafrique.com/annonce/autres-animaux/veau-3784229
278,Hamster,15000.0,"Sacré-Coeur, Dakar, Sénégal",https://images.coinafrique.com/thumb_3780966_uploaded_image1_1657566627.jpg,https://sn.coinafrique.com/annonce/autres-animaux/hamster-3780966
279,Couple Hamster,45000.0,"Dakar, Sénégal",https://images.coinafrique.com/thumb_3779809_uploaded_image1_1657474571.jpg,https://sn.coinafrique.com/annonce/autres-animaux/couple-hamster-3779809
280,Veaux,200000.0,"Diamniadio, Sénégal",https://images.coinafrique.com/thumb_3775233_uploaded_image1_1657130525.jpg,https://sn.coinafrique.com/annonce/autres-animaux/veaux-3775233
282,Paire Oie,130000.0,"Guediawaye, Dakar, Sénégal",https://images.coinafrique.com/thumb_3763969_uploaded_image1_1656542478.jpg,https://sn.coinafrique.com/annonce/autres-animaux/paire-oie-3763969
284,Sacs de foin - Ngogne,5000.0,"Saint Louis, Sénégal",https://images.coinafrique.com/thumb_3747916_uploaded_image1_1655548507.jpg,https://sn.coinafrique.com/annonce/autres-animaux/sacs-de-foin-ngogne-3747916
285,Couple cochons d'inde,25000.0,"Sacré-Coeur, Dakar, Sénégal",https://images.coinafrique.com/thumb_3738425_uploaded_image1_1655026461.jpg,https://sn.coinafrique.com/annonce/autres-animaux/couple-cochons-dinde-3738425
287,Oie,65000.0,"Niaga, Sénégal",https://images.coinafrique.com/thumb_3719072_uploaded_image1_1654007070.jpg,https://sn.coinafrique.com/annonce/autres-animaux/oie-3719072
288,Perruches ondulées,12000.0,"Guediawaye, Dakar, Sénégal",https://images.coinafrique.com/thumb_3693176_uploaded_image1_1652374886.jpg,https://sn.coinafrique.com/annonce/autres-animaux/perruches-ondulees-3693176
290,Hamster,15000.0,"Mbao, Dakar, Sénégal",https://images.coinafrique.com/thumb_3689324_uploaded_image1_1652181532.jpg,https://sn.coinafrique.com/annonce/autres-animaux/hamster-3689324
291,Paire colverts de Rouen,15000.0,"Mboro, Sénégal",https://images.coinafrique.com/thumb_3686752_uploaded_image1_1652029317.jpg,https://sn.coinafrique.com/annonce/autres-animaux/paire-colverts-de-rouen-3686752
292,Chaton Angora,160000.0,"Fann, Dakar, Sénégal",https://images.coinafrique.com/thumb_3681874_uploaded_image1_1651750026.jpg,https://sn.coinafrique.com/annonce/autres-animaux/chaton-angora-3681874
293,Caille,2000.0,"Sicap foire, Dakar, Sénégal",https://images.coinafrique.com/thumb_3679001_uploaded_image1_1651592167.jpg,https://sn.coinafrique.com/annonce/autres-animaux/caille-3679001
295,Chaton siamois,375000.0,"Fann, Dakar, Sénégal",https://images.coinafrique.com/thumb_3671821_uploaded_image1_1651072649.jpg,https://sn.coinafrique.com/annonce/autres-animaux/chaton-siamois-3671821
296,Boeufs,900000.0,"Niaga, Sénégal",https://images.coinafrique.com/thumb_3651241_uploaded_image1_1649808275.jpg,https://sn.coinafrique.com/annonce/autres-animaux/boeufs-3651241
297,Oie géant,450000.0,"Mbour, Sénégal",https://images.coinafrique.com/thumb_3646953_uploaded_image1_1649560934.jpg,https://sn.coinafrique.com/annonce/autres-animaux/oie-geant-3646953
300,Chaton Angora,130000.0,"Fann, Dakar, Sénégal",https://images.coinafrique.com/thumb_3634435_uploaded_image1_1648913898.jpg,https://sn.coinafrique.com/annonce/autres-animaux/chaton-angora-3634435
301,Hamster,15000.0,"Mbao, Dakar, Sénégal",https://images.coinafrique.com/thumb_3615764_uploaded_image1_1647715657.jpg,https://sn.coinafrique.com/annonce/autres-animaux/hamster-3615764
302,Cochons,15000.0,"Mbour, Sénégal",https://images.coinafrique.com/thumb_3614166_uploaded_image1_1647608880.jpg,https://sn.coinafrique.com/annonce/autres-animaux/cochons-3614166
303,Taurillon laitier,1000000.0,"Sicap Liberté, Dakar, Sénégal",https://images.coinafrique.com/thumb_3613432_uploaded_image1_1647552342.jpg,https://sn.coinafrique.com/annonce/autres-animaux/taurillon-laitier-3613432
304,Chatons,400000.0,"Fann, Dakar, Sénégal",https://images.coinafrique.com/thumb_3613416_uploaded_image1_1647551529.jpg,https://sn.coinafrique.com/annonce/autres-animaux/chatons-3613416
305,Caille,8000.0,"Kaolack, Sénégal",https://images.coinafrique.com/thumb_3607957_uploaded_image1_1647266236.jpg,https://sn.coinafrique.com/annonce/autres-animaux/caille-3607957
306,Poussin caille,500.0,"Parcelle Assainies, Dakar, Sénégal",https://images.coinafrique.com/thumb_3576048_uploaded_image1_1645409801.jpg,https://sn.coinafrique.com/annonce/autres-animaux/poussin-caille-3576048
307,Dinde mâle,20000.0,"Dakar, Sénégal",https://images.coinafrique.com/thumb_3575899_uploaded_image1_1645394898.jpg,https://sn.coinafrique.com/annonce/autres-animaux/dinde-male-3575899
308,Poussins  d’oies,35000.0,"Dakar, Sénégal",https://images.coinafrique.com/thumb_3569402_uploaded_image1_1644969388.jpg,https://sn.coinafrique.com/annonce/autres-animaux/poussins-doies-3569402
309,Cheval,500000.0,"Saint Louis, Sénégal",https://images.coinafrique.com/thumb_3569117_uploaded_image1_1644951974.jpg,https://sn.coinafrique.com/annonce/autres-animaux/cheval-3569117
310,Bœufs,900000.0,"Bambey, Sénégal",https://images.coinafrique.com/thumb_3544114_uploaded_image1_1643467299.jpg,https://sn.coinafrique.com/annonce/autres-animaux/bufs-3544114
312,Hamsters,15000.0,"Mbao, Dakar, Sénégal",https://images.coinafrique.com/thumb_3525591_uploaded_image1_1642246209.jpg,https://sn.coinafrique.com/annonce/autres-animaux/hamsters-3525591
313,Bouc Espagnol,150000.0,"Louga, Sénégal",https://images.coinafrique.com/thumb_3523752_uploaded_image1_1642113362.jpg,https://sn.coinafrique.com/annonce/autres-animaux/bouc-espagnol-3523752
314,Cochon dinde,45000.0,"Thies, Sénégal",https://images.coinafrique.com/thumb_3520084_uploaded_image1_1641925340.jpg,https://sn.coinafrique.com/annonce/autres-animaux/cochon-dinde-3520084
315,Cochon dinde,45000.0,"Thies, Sénégal",https://images.coinafrique.com/thumb_3520078_uploaded_image1_1641925243.jpg,https://sn.coinafrique.com/annonce/autres-animaux/cochon-dinde-3520078
316,Cochon dinde,45000.0,"Thies, Sénégal",https://images.coinafrique.com/thumb_3520065_uploaded_image1_1641924846.jpg,https://sn.coinafrique.com/annonce/autres-animaux/cochon-dinde-3520065
319,Bœufs,300000.0,"Dieuppeul-Derklé, Dakar, Sénégal",https://images.coinafrique.com/thumb_3509381_uploaded_image1_1641354659.jpg,https://sn.coinafrique.com/annonce/autres-animaux/bufs-3509381
320,Hamster,15000.0,"Mbao, Dakar, Sénégal",https://images.coinafrique.com/thumb_3502571_uploaded_image1_1640864798.jpg,https://sn.coinafrique.com/annonce/autres-animaux/hamster-3502571
321,Paon,350000.0,"Mermoz-Sacré Coeur, Dakar, Sénégal",https://images.coinafrique.com/thumb_3500261_uploaded_image1_1640699224.jpg,https://sn.coinafrique.com/annonce/autres-animaux/paon-3500261
322,Oies de toulouse,20000.0,"Dakar, Sénégal",https://images.coinafrique.com/thumb_3496368_uploaded_image2_1640341893.jpeg,https://sn.coinafrique.com/annonce/autres-animaux/oies-de-toulouse-3496368
323,Bœuf,900000.0,"Bambey, Sénégal",https://images.coinafrique.com/thumb_3492877_uploaded_image1_1640096405.jpg,https://sn.coinafrique.com/annonce/autres-animaux/buf-3492877
327,Couple dinde rouge,90000.0,"Dakar, Sénégal",https://images.coinafrique.com/thumb_3425196_uploaded_image1_1636231334.jpg,https://sn.coinafrique.com/annonce/autres-animaux/couple-dinde-rouge-3425196
329,Paire d'oie,100000.0,"Thies, Sénégal",https://images.coinafrique.com/thumb_3418166_uploaded_image1_1635935843.jpg,https://sn.coinafrique.com/annonce/autres-animaux/paire-doie-3418166
330,Oies de toulouse,450000.0,"Mbour, Sénégal",https://images.coinafrique.com/thumb_3413662_uploaded_image1_1635765247.jpg,https://sn.coinafrique.com/annonce/autres-animaux/oies-de-toulouse-3413662
331,Cailles,2000.0,"Mermoz-Sacré Coeur, Dakar, Sénégal",https://images.coinafrique.com/thumb_3405018_uploaded_image1_1635264107.jpg,https://sn.coinafrique.com/annonce/autres-animaux/cailles-3405018
333,Trio de paon bleu,450000.0,"Mbao, Dakar, Sénégal",https://images.coinafrique.com/thumb_3389732_uploaded_image1_1634436997.jpg,https://sn.coinafrique.com/annonce/autres-animaux/trio-de-paon-bleu-3389732
334,Paon bleu adulte,300000.0,"Keur Massar, Sénégal",https://images.coinafrique.com/thumb_3372722_uploaded_image1_1633568000.jpg,https://sn.coinafrique.com/annonce/autres-animaux/paon-bleu-adulte-3372722
335,Cailles,1500.0,"Mermoz-Sacré Coeur, Dakar, Sénégal",https://images.coinafrique.com/thumb_3371486_uploaded_image1_1633522085.jpg,https://sn.coinafrique.com/annonce/autres-animaux/cailles-3371486
336,Bœuf,500000.0,"Dakar, Sénégal",https://images.coinafrique.com/thumb_3369906_uploaded_image1_1633454163.jpg,https://sn.coinafrique.com/annonce/autres-animaux/buf-3369906
337,Couple hermine,20000.0,"Dakar, Sénégal",https://images.coinafrique.com/thumb_3369362_uploaded_image1_1633438173.jpg,https://sn.coinafrique.com/annonce/autres-animaux/couple-hermine-3369362
338,Caille,2000.0,"Mermoz-Sacré Coeur, Dakar, Sénégal",https://images.coinafrique.com/thumb_3360468_uploaded_image1_1633037043.jpg,https://sn.coinafrique.com/annonce/autres-animaux/caille-3360468
339,Autruchon,300000.0,"Guediawaye, Dakar, Sénégal",https://images.coinafrique.com/thumb_3357168_uploaded_image1_1632871377.jpg,https://sn.coinafrique.com/annonce/autres-animaux/autruchon-3357168
340,Veaux,250000.0,"Dieuppeul-Derklé, Dakar, Sénégal",https://images.coinafrique.com/thumb_3350491_uploaded_image1_1632436028.jpg,https://sn.coinafrique.com/annonce/autres-animaux/veaux-3350491
341,Taureaux Holstein,2500000.0,"Dakar, Sénégal",https://images.coinafrique.com/thumb_3348822_uploaded_image1_1632352988.jpg,https://sn.coinafrique.com/annonce/autres-animaux/taureaux-holstein-3348822
342,Géniteur Holstein,2200000.0,"Dakar, Sénégal",https://images.coinafrique.com/thumb_3348819_uploaded_image1_1632352628.jpg,https://sn.coinafrique.com/annonce/autres-animaux/geniteur-holstein-3348819
343,Carpe Koï,100000.0,"Dakar Plateau, Dakar, Sénégal",https://images.coinafrique.com/thumb_3345713_uploaded_image1_1632222841.jpg,https://sn.coinafrique.com/annonce/autres-animaux/carpe-koi-3345713
344,Chaton,40000.0,"Almadies, Dakar, Sénégal",https://images.coinafrique.com/thumb_3341213_uploaded_image1_1631968364.jpg,https://sn.coinafrique.com/annonce/autres-animaux/chaton-3341213
346,Veaux,250000.0,"Dieuppeul-Derklé, Dakar, Sénégal",https://images.coinafrique.com/thumb_3335012_uploaded_image1_1631654129.jpg,https://sn.coinafrique.com/annonce/autres-animaux/veaux-3335012
347,Bœuf,1200000.0,"Guediawaye, Dakar, Sénégal",https://images.coinafrique.com/thumb_3330908_uploaded_image1_1631459213.jpg,https://sn.coinafrique.com/annonce/autres-animaux/buf-3330908
348,Perruche,24000.0,"Hann Bel-Air, Dakar, Sénégal",https://images.coinafrique.com/thumb_3321530_uploaded_image1_1631021949.jpg,https://sn.coinafrique.com/annonce/autres-animaux/perruche-3321530
349,Cailleteaux,400.0,"Parcelle Assainies, Dakar, Sénégal",https://images.coinafrique.com/thumb_3319946_uploaded_image1_1630948417.jpg,https://sn.coinafrique.com/annonce/autres-animaux/cailleteaux-3319946
350,Caille,2500.0,"Parcelle Assainies, Dakar, Sénégal",https://images.coinafrique.com/thumb_3319937_uploaded_image1_1630948254.jpg,https://sn.coinafrique.com/annonce/autres-animaux/caille-3319937
352,Oie guinéen,100000.0,"Dakar, Sénégal",https://images.coinafrique.com/thumb_3316816_uploaded_image1_1630785391.jpg,https://sn.coinafrique.com/annonce/autres-animaux/oie-guineen-3316816
353,Oie gardien,90000.0,"Dakar, Sénégal",https://images.coinafrique.com/thumb_3316810_uploaded_image1_1630785291.jpg,https://sn.coinafrique.com/annonce/autres-animaux/oie-gardien-3316810
355,Vache,600000.0,"Niaga, Sénégal",https://images.coinafrique.com/thumb_3287171_uploaded_image1_1629317948.jpg,https://sn.coinafrique.com/annonce/autres-animaux/vache-3287171
356,Vache,600000.0,"Niaga, Sénégal",https://images.coinafrique.com/thumb_3287170_uploaded_image1_1629317800.jpg,https://sn.coinafrique.com/annonce/autres-animaux/vache-3287170
357,Oies adultes,130000.0,"Guediawaye, Dakar, Sénégal",https://images.coinafrique.com/thumb_3273490_uploaded_image1_1628621055.jpg,https://sn.coinafrique.com/annonce/autres-animaux/oies-adultes-3273490
358,Taureau,450000.0,"Parcelle Assainies, Dakar, Sénégal",https://images.coinafrique.com/thumb_3271377_uploaded_image1_1628524523.jpg,https://sn.coinafrique.com/annonce/autres-animaux/taureau-3271377
359,Taureau,740000.0,"Dieuppeul-Derklé, Dakar, Sénégal",https://images.coinafrique.com/thumb_3269989_uploaded_image1_1628451897.jpg,https://sn.coinafrique.com/annonce/autres-animaux/taureau-3269989
360,Taureau,740000.0,"Dieuppeul-Derklé, Dakar, Sénégal",https://images.coinafrique.com/thumb_3263210_uploaded_image1_1628122860.jpg,https://sn.coinafrique.com/annonce/autres-animaux/taureau-3263210
361,Poisson aquarium,12000.0,"Dakar Plateau, Dakar, Sénégal",https://images.coinafrique.com/thumb_3256827_uploaded_image1_1627902901.jpg,https://sn.coinafrique.com/annonce/autres-animaux/poisson-aquarium-3256827
363,Bœufs,740000.0,"Dieuppeul-Derklé, Dakar, Sénégal",https://images.coinafrique.com/thumb_3253864_uploaded_image1_1627751756.jpg,https://sn.coinafrique.com/annonce/autres-animaux/bufs-3253864
364,Perruche ondulée,15000.0,"Point E, Dakar, Sénégal",https://images.coinafrique.com/thumb_3243586_uploaded_image1_1627157324.jpg,https://sn.coinafrique.com/annonce/autres-animaux/perruche-ondulee-3243586
367,Perruches ondulées,20000.0,"Point E, Dakar, Sénégal",https://images.coinafrique.com/thumb_3215371_uploaded_image1_1625676061.jpg,https://sn.coinafrique.com/annonce/autres-animaux/perruches-ondulees-3215371
368,Oies,60000.0,"Dakar, Sénégal",https://images.coinafrique.com/thumb_3172011_uploaded_image1_1623695650.jpg,https://sn.coinafrique.com/annonce/autres-animaux/oies-3172011
369,Oies,60000.0,"Dakar, Sénégal",https://images.coinafrique.com/thumb_3172006_uploaded_image1_1623695521.jpg,https://sn.coinafrique.com/annonce/autres-animaux/oies-3172006
370,Cheval,450000.0,"Pikine, Sénégal",https://images.coinafrique.com/thumb_3169679_uploaded_image1_1623583685.jpg,https://sn.coinafrique.com/annonce/autres-animaux/cheval-3169679
377,Boeuf,800000.0,"Bambey, Sénégal",https://images.coinafrique.com/thumb_3140204_uploaded_image1_1622308324.jpg,https://sn.coinafrique.com/annonce/autres-animaux/boeuf-3140204
378,Oie géant,85000.0,"Mbour, Sénégal",https://images.coinafrique.com/thumb_3133835_uploaded_image1_1621994387.jpg,https://sn.coinafrique.com/annonce/autres-animaux/oie-geant-3133835
379,Couple colvert,30000.0,"Dakar, Sénégal",https://images.coinafrique.com/thumb_3127244_uploaded_image1_1621622446.jpg,https://sn.coinafrique.com/annonce/autres-animaux/couple-colvert-3127244
381,Couple perruches ondulées,100000.0,"Mermoz-Sacré Coeur, Dakar, Sénégal",https://images.coinafrique.com/thumb_3116528_uploaded_image1_1621091686.jpg,https://sn.coinafrique.com/annonce/autres-animaux/couple-perruches-ondulees-3116528
382,Vache,300000.0,"HLM, Dakar, Sénégal",https://images.coinafrique.com/thumb_3095614_uploaded_image1_1620093462.jpg,https://sn.coinafrique.com/annonce/autres-animaux/vache-3095614
383,Trio dindes d’amérique,65000.0,"Mbao, Dakar, Sénégal",https://images.coinafrique.com/thumb_3092550_uploaded_image1_1619979240.jpg,https://sn.coinafrique.com/annonce/autres-animaux/trio-dindes-damerique-3092550
384,Couple perruche arc en ciel,40000.0,"Mermoz-Sacré Coeur, Dakar, Sénégal",https://images.coinafrique.com/thumb_3092218_uploaded_image1_1619966133.jpg,https://sn.coinafrique.com/annonce/autres-animaux/couple-perruche-arc-en-ciel-3092218
385,Taureau - géniteur laitier,2000000.0,"Sicap Liberté, Dakar, Sénégal",https://images.coinafrique.com/thumb_3087054_uploaded_image1_1619718794.jpg,https://sn.coinafrique.com/annonce/autres-animaux/taureau-geniteur-laitier-3087054
387,Cheval,650000.0,"Dakar, Sénégal",https://images.coinafrique.com/thumb_3053064_uploaded_image1_1618156860.jpg,https://sn.coinafrique.com/annonce/autres-animaux/cheval-3053064
388,Taureau géniteur laitier,2000000.0,"Sicap Liberté, Dakar, Sénégal",https://images.coinafrique.com/thumb_3039728_uploaded_image1_1617557251.jpg,https://sn.coinafrique.com/annonce/autres-animaux/taureau-geniteur-laitier-3039728
389,Oisillons,25000.0,"Dakar, Sénégal",https://images.coinafrique.com/thumb_3026572_uploaded_image1_1617014695.jpg,https://sn.coinafrique.com/annonce/autres-animaux/oisillons-3026572
390,Oie adulte,80000.0,"Dakar, Sénégal",https://images.coinafrique.com/thumb_3025291_uploaded_image1_1616933629.jpg,https://sn.coinafrique.com/annonce/autres-animaux/oie-adulte-3025291
391,Cheval,800000.0,"Dakar, Sénégal",https://images.coinafrique.com/thumb_3012715_uploaded_image1_1616282777.jpg,https://sn.coinafrique.com/annonce/autres-animaux/cheval-3012715
392,Bœuf,425000.0,"Guediawaye, Dakar, Sénégal",https://images.coinafrique.com/thumb_3012014_uploaded_image1_1616250290.jpg,https://sn.coinafrique.com/annonce/autres-animaux/buf-3012014
393,Laor noir,35000.0,"Mbour, Sénégal",https://images.coinafrique.com/thumb_3005811_uploaded_image1_1615937465.jpg,https://sn.coinafrique.com/annonce/autres-animaux/laor-noir-3005811
394,Porc,2500.0,"Dakar, Sénégal",https://images.coinafrique.com/thumb_3004606_uploaded_image1_1615897391.jpg,https://sn.coinafrique.com/annonce/autres-animaux/porc-3004606
396,Chaton Angora turque,160000.0,"Grand Dakar, Dakar, Sénégal",https://images.coinafrique.com/thumb_2966724_uploaded_image1_1614082274.jpg,https://sn.coinafrique.com/annonce/autres-animaux/chaton-angora-turque-2966724
397,Couple oie de toulouse adulte,85000.0,"Mbour, Sénégal",https://images.coinafrique.com/thumb_2936871_uploaded_image1_1612659734.jpg,https://sn.coinafrique.com/annonce/autres-animaux/couple-oie-de-toulouse-adulte-2936871
398,Perroquet Sénégal avec cage,35000.0,"Ngor, Dakar, Sénégal",https://images.coinafrique.com/thumb_2930350_uploaded_image1_1612388040.jpg,https://sn.coinafrique.com/annonce/autres-animaux/perroquet-senegal-avec-cage-2930350
399,Jument arabe,1500000.0,"Kébémer, Sénégal",https://images.coinafrique.com/thumb_2924412_uploaded_image1_1612197584.jpg,https://sn.coinafrique.com/annonce/autres-animaux/jument-arabe-2924412
400,Perruches - inséparables,12500.0,"Parcelle Assainies, Dakar, Sénégal",https://images.coinafrique.com/thumb_2896567_uploaded_image1_1610914575.jpg,https://sn.coinafrique.com/annonce/autres-animaux/perruches-inseparables-2896567
401,Dinde rouge,70000.0,"Louga, Sénégal",https://images.coinafrique.com/thumb_2888081_uploaded_image1_1610544422.jpg,https://sn.coinafrique.com/annonce/autres-animaux/dinde-rouge-2888081
404,Canard Colvert,50000.0,"Thies, Sénégal",https://images.coinafrique.com/thumb_2876451_uploaded_image1_1610052488.jpg,https://sn.coinafrique.com/annonce/autres-animaux/canard-colvert-2876451
406,Veau,250000.0,"HLM, Dakar, Sénégal",https://images.coinafrique.com/thumb_2856538_uploaded_image1_1609162542.jpg,https://sn.coinafrique.com/annonce/autres-animaux/veau-2856538
407,Vache,550000.0,"Bambey, Sénégal",https://images.coinafrique.com/thumb_2846588_uploaded_image1_1608636321.jpg,https://sn.coinafrique.com/annonce/autres-animaux/vache-2846588
408,Chaton Angora Turc,100000.0,"Dakar, Sénégal",https://images.coinafrique.com/thumb_2826620_uploaded_image1_1607777038.jpg,https://sn.coinafrique.com/annonce/autres-animaux/chaton-angora-turc-2826620
410,Vache,300000.0,"Louga, Sénégal",https://images.coinafrique.com/thumb_2709747_uploaded_image1_1603289227.jpg,https://sn.coinafrique.com/annonce/autres-animaux/vache-2709747
411,Canard,35000.0,"Mamelles, Dakar, Sénégal",https://images.coinafrique.com/thumb_2703622_uploaded_image1_1603049550.jpg,https://sn.coinafrique.com/annonce/autres-animaux/canard-2703622
412,Olpliitone 20 jours,15000.0,"Dakar, Sénégal",https://images.coinafrique.com/thumb_2701057_uploaded_image1_1602937383.jpg,https://sn.coinafrique.com/annonce/autres-animaux/olpliitone-20-jours-2701057
413,Âne Arabe,850000.0,"Kébémer, Sénégal",https://images.coinafrique.com/thumb_2697117_uploaded_image1_1602773283.jpg,https://sn.coinafrique.com/annonce/autres-animaux/ane-arabe-2697117
414,Bœufs,250000.0,"Louga, Sénégal",https://images.coinafrique.com/thumb_2694722_uploaded_image1_1602689183.jpg,https://sn.coinafrique.com/annonce/autres-animaux/bufs-2694722
415,Bœufs,350000.0,"Louga, Sénégal",https://images.coinafrique.com/thumb_2694720_uploaded_image1_1602689075.jpg,https://sn.coinafrique.com/annonce/autres-animaux/bufs-2694720
416,Bœufs,350000.0,"Louga, Sénégal",https://images.coinafrique.com/thumb_2694719_uploaded_image1_1602688985.jpg,https://sn.coinafrique.com/annonce/autres-animaux/bufs-2694719
417,Vaches laitières,2000000.0,"Mbour, Sénégal",https://images.coinafrique.com/thumb_2687649_uploaded_image1_1602441772.jpg,https://sn.coinafrique.com/annonce/autres-animaux/vaches-laitieres-2687649
418,Chèvre Bouc de race,200000.0,"Louga, Sénégal",https://images.coinafrique.com/thumb_2675855_uploaded_image1_1601992602.jpg,https://sn.coinafrique.com/annonce/autres-animaux/chevre-bouc-de-race-2675855
419,Bouc chèvre,100000.0,"Diamniadio, Sénégal",https://images.coinafrique.com/thumb_2673741_uploaded_image2_1601909107.jpeg,https://sn.coinafrique.com/annonce/autres-animaux/bouc-chevre-2673741
420,Paon bleu,225000.0,"Dakar, Sénégal",https://images.coinafrique.com/thumb_2663712_uploaded_image1_1601554766.jpg,https://sn.coinafrique.com/annonce/autres-animaux/paon-bleu-2663712
